2013/December;9
2013/November;9
2014/April;12
2014/August;10
2014/December;14
2014/February;13
2014/January;13
2014/July;11
2014/June;9
2014/March;15
2014/May;11
2014/November;18
2014/October;19
2014/September;12
2015/April;9
2015/August;14
2015/December;23
2015/February;10
2015/January;16
2015/July;12
2015/June;14
2015/March;12
2015/May;12
2015/November;20
2015/October;17
2015/September;11
2016/April;14
2016/August;21
2016/December;11
2016/February;11
2016/January;10
2016/July;13
2016/June;15
2016/March;14
2016/May;7
2016/November;14
2016/October;18
2016/September;15
2017/April;11
2017/August;14
2017/December;16
2017/February;15
2017/January;16
2017/July;6
2017/June;22
2017/March;10
2017/May;14
2017/November;11
2017/October;12
2017/September;16
2018/April;10
2018/August;14
2018/December;12
2018/February;18
2018/January;19
2018/July;20
2018/June;16
2018/March;25
2018/May;16
2018/November;11
2018/October;24
2018/September;19
2019/April;12
2019/August;17
2019/December;14
2019/February;11
2019/January;17
2019/July;17
2019/June;7
2019/March;16
2019/May;18
2019/November;12
2019/October;13
2019/September;13
2020/April;15
2020/August;16
2020/December;14
2020/February;15
2020/January;16
2020/July;13
2020/June;17
2020/March;16
2020/May;10
2020/November;11
2020/October;14
2020/September;12
2021/April;20
2021/August;12
2021/December;11
2021/February;11
2021/January;21
2021/July;8
2021/June;8
2021/March;13
2021/May;11
2021/November;11
2021/October;13
2021/September;11
2022/April;12
2022/August;15
2022/February;11
2022/January;17
2022/July;16
2022/June;9
2022/March;19
2022/May;13
2022/November;2
2022/October;11
2022/September;14
